Year,MES,LINEA,TIPO,TOTAL_MX,TOTAL_DLS
1900,01ENE,Ensamble Kits,PESOS,286839,14060.74
1900,01ENE,Estamp.,PESOS,153189.6,8187.58
1900,01ENE,Hang Tag,PESOS,131683.2,7038.12
1900,01ENE,Heat Transfer Unidad,PESOS,540490.4,28327.59
1900,01ENE,Materia prima,PESOS,5916,301.22
1900,01ENE,Ori.Cor,PESOS,711200.64,36211.85
1900,01ENE,Otros Serv.,PESOS,2030,101.96
1900,01ENE,Publicitario,PESOS,8485.4,453.52
1900,01ENE,Repuestos,PESOS,51924.66,2721.42
1900,01ENE,Repuestos FX,PESOS,54849.81,2754.89
1900,01ENE,Thermal,PESOS,85845.57,4311.68
2016,01ENE,Ensamble Kits,PESOS,256464.4,14161.48
2016,01ENE,Estamp.,PESOS,107784.3,5951.65
2016,01ENE,Hang Tag,PESOS,15538.2,857.99
2016,01ENE,Heat Transfer Rollo,PESOS,14210.41,784.67
2016,01ENE,Heat Transfer Unidad,PESOS,86025.6,4750.17
2016,01ENE,Ori.Cor,PESOS,96341.48,5319.79
2016,01ENE,Otros Serv.,PESOS,300,16.57
2016,01ENE,Publicitario,PESOS,4308.24,237.89
2016,01ENE,Thermal,PESOS,13091.79,722.9
2016,02FEB,Ensamble Kits,PESOS,159926.82,8821.12
2016,02FEB,Estamp.,PESOS,96240.56,5308.36
2016,02FEB,Hang Tag,PESOS,58696,3237.51
2016,02FEB,Heat Transfer Unidad,PESOS,255930.6,14116.41
2016,02FEB,Materia prima,PESOS,9744,537.45
2016,02FEB,Ori.Cor,PESOS,65192,3595.81
2016,02FEB,Otros Serv.,PESOS,366.42,20.21
2016,02FEB,Repuestos FX,PESOS,27329.6,1507.42
2016,02FEB,Thermal,PESOS,23372.58,1289.17
2016,03MAR,Ensamble Kits,PESOS,153878.64,8905.01
2016,03MAR,Estamp.,PESOS,109978.44,6364.49
2016,03MAR,Hang Tag,PESOS,48678.24,2817.03
2016,03MAR,Heat Transfer Rollo,PESOS,1418.34,82.08
2016,03MAR,Heat Transfer Unidad,PESOS,45856.31,2653.72
2016,03MAR,Ori.Cor,PESOS,130384,7545.37
2016,03MAR,Otros Serv.,PESOS,488.59,28.27
2016,03MAR,Publicitario,PESOS,3611.08,208.97
2016,03MAR,Repuestos FX,PESOS,21106.12,1221.42
2016,03MAR,Thermal,PESOS,24286.84,1405.49
2016,04MAR,Ensamble Kits,PESOS,192348.3,11202.58
2016,04MAR,Estamp.,PESOS,107734.54,6274.58
2016,04MAR,Hang Tag,PESOS,50603.84,2947.22
2016,04MAR,Heat Transfer Unidad,PESOS,99255.4,5780.75
2016,04MAR,Ori.Cor,PESOS,98953.8,5763.18
2016,04MAR,Publicitario,PESOS,6483.24,377.59
2016,04MAR,Repuestos FX,PESOS,19720,1148.51
2016,04MAR,Thermal,PESOS,17146.83,998.65
2016,05MAY,Ensamble Kits,PESOS,294934.06,15976.93
2016,05MAY,Estamp.,PESOS,104585.6,5665.53
2016,05MAY,Hang Tag,PESOS,11952.64,647.49
2016,05MAY,Heat Transfer Unidad,PESOS,40358.31,2186.26
2016,05MAY,Materia prima,PESOS,12992,703.79
2016,05MAY,Ori.Cor,PESOS,109272,5919.39
2016,05MAY,Otros Serv.,PESOS,325641,17640.36
2016,05MAY,Repuestos FX,PESOS,42212.14,2286.68
2016,05MAY,Thermal,PESOS,31751.97,1720.04
2016,06JUN,Ensamble Kits,PESOS,123102.91,6734.29
2016,06JUN,Estamp.,PESOS,91594.71,5010.65
2016,06JUN,Hang Tag,PESOS,14546.4,795.75
2016,06JUN,Heat Transfer Rollo,PESOS,1089.94,59.62
2016,06JUN,Heat Transfer Unidad,PESOS,64450.25,3525.72
2016,06JUN,Ori.Cor,PESOS,145696,7970.24
2016,06JUN,Otros Serv.,PESOS,450.07,24.62
2016,06JUN,Publicitario,PESOS,9842.6,538.44
2016,06JUN,Repuestos FX,PESOS,17318.8,947.42
2016,06JUN,Thermal,PESOS,38280,2094.09
2016,07JUL,Ensamble Kits,PESOS,169762.87,9054.02
2016,07JUL,Estamp.,PESOS,67859.99,3619.2
2016,07JUL,Hang Tag,PESOS,64791.8,3455.56
2016,07JUL,Heat Transfer Rollo,PESOS,19836,1057.92
2016,07JUL,Heat Transfer Unidad,PESOS,93610.84,4992.58
2016,07JUL,Materia prima,PESOS,18096,965.12
2016,07JUL,Ori.Cor,PESOS,94702.4,5050.79
2016,07JUL,Otros Serv.,PESOS,513.88,27.41
2016,07JUL,Repuestos FX,PESOS,21692,1156.91
2016,07JUL,Thermal,PESOS,60260.93,3213.92
2016,08AGO,Ensamble Kits,PESOS,256464.4,13656.25
2016,08AGO,Estamp.,PESOS,128039.67,6817.87
2016,08AGO,Hang Tag,PESOS,44149.6,2350.88
2016,08AGO,Heat Transfer Rollo,PESOS,9071.2,483.02
2016,08AGO,Heat Transfer Unidad,PESOS,93610.84,4984.6
2016,08AGO,Ori.Cor,PESOS,97788,5207.03
2016,08AGO,Publicitario,PESOS,8485.4,451.83
2016,08AGO,Repuestos FX,PESOS,4072.76,216.87
2016,08AGO,Thermal,PESOS,21158.4,1126.65
2016,09SEP,Ensamble Kits,PESOS,153878.64,7940.07
2016,09SEP,Estamp.,PESOS,89328.8,4609.33
2016,09SEP,Hang Tag,PESOS,53782.01,2775.13
2016,09SEP,Heat Transfer Unidad,PESOS,211850.8,10931.41
2016,09SEP,Materia prima,PESOS,4162.08,214.76
2016,09SEP,Ori.Cor,PESOS,50523.8,2607.01
2016,09SEP,Otros Serv.,PESOS,325641,16802.94
2016,09SEP,Repuestos FX,PESOS,58647.02,3026.16
2016,09SEP,Thermal,PESOS,19733.69,1018.25
2016,10OCT,Bases,PESOS,715.77,37.95
2016,10OCT,Ensamble Kits,PESOS,154826.65,8209.26
2016,10OCT,Estamp.,PESOS,84569.43,4484.06
2016,10OCT,Hang Tag,PESOS,29058,1540.72
2016,10OCT,Heat Transfer Unidad,PESOS,70057.47,3714.61
2016,10OCT,Ori.Cor,PESOS,80376.4,4261.74
2016,10OCT,Otros Serv.,PESOS,1774.8,94.1
2016,10OCT,Repuestos FX,PESOS,41608.43,2206.17
2016,10OCT,Thermal,PESOS,23227.14,1231.56
2016,11NOV,Ensamble Kits,PESOS,154826.65,7526.82
2016,11NOV,Estamp.,PESOS,51134.97,2485.9
2016,11NOV,Hang Tag,PESOS,62848.8,3055.36
2016,11NOV,Heat Transfer Unidad,PESOS,60120.34,2922.72
2016,11NOV,Ori.Cor,PESOS,110200,5357.32
2016,11NOV,Otros Serv.,PESOS,4634.2,225.29
2016,11NOV,Repuestos FX,PESOS,41608.43,2022.77
2016,11NOV,Thermal,PESOS,24406.54,1186.51
2016,12DIC,Ensamble Kits,PESOS,135424.2,6535.92
2016,12DIC,Estamp.,PESOS,65533.09,3162.79
2016,12DIC,Hang Tag,PESOS,19488,940.54
2016,12DIC,Heat Transfer Unidad,PESOS,37934.53,1830.82
2016,12DIC,Ori.Cor,PESOS,52455.2,2531.62
2016,12DIC,Repuestos FX,PESOS,20730.04,1000.48
2016,12DIC,Thermal,PESOS,14105.6,680.77
2017,01ENE,Ensamble Kits,PESOS,181356.14,8706.49
2017,01ENE,Estamp.,PESOS,40360.32,1937.61
2017,01ENE,Hang Tag,PESOS,49926.4,2396.85
2017,01ENE,Heat Transfer Unidad,PESOS,73240.08,3516.09
2017,01ENE,Ori.Cor,PESOS,165300,7935.67
2017,01ENE,Repuestos FX,PESOS,53457.06,2566.35
2017,01ENE,Thermal,PESOS,24316.88,1167.4
2017,02FEB,Ensamble Kits,PESOS,191226,9513.73
2017,02FEB,Estamp.,PESOS,62767.12,3122.74
2017,02FEB,Hang Tag,PESOS,44654.43,2221.61
2017,02FEB,Heat Transfer Unidad,PESOS,72848,3624.28
2017,02FEB,Ori.Cor,PESOS,96637.34,4807.83
2017,02FEB,Repuestos FX,PESOS,40662.59,2023.01
2017,02FEB,Thermal,PESOS,22689.53,1128.83
2017,03MAR,Ensamble Kits,PESOS,191226,10215.06
2017,03MAR,Estamp.,PESOS,89182.76,4764.04
2017,03MAR,Hang Tag,PESOS,29939.6,1599.34
2017,03MAR,Heat Transfer Unidad,PESOS,39098.84,2088.61
2017,03MAR,Ori.Cor,PESOS,275067.67,14693.79
2017,03MAR,Otros Serv.,PESOS,150,8.01
2017,03MAR,Repuestos FX,PESOS,20730.04,1107.37
2017,03MAR,Thermal,PESOS,12165.04,649.84
2017,04MAR,Ensamble Kits,PESOS,156186.22,8298.95
2017,04MAR,Estamp.,PESOS,41099.15,2183.8
2017,04MAR,Hang Tag,PESOS,85503.6,4543.23
2017,04MAR,Heat Transfer Unidad,PESOS,81259.13,4317.7
2017,04MAR,Ori.Cor,PESOS,351709.91,18688.09
2017,04MAR,Otros Serv.,PESOS,809.98,43.04
2017,04MAR,Repuestos FX,PESOS,40662.59,2160.61
2017,04MAR,Thermal,PESOS,27182.63,1444.35
2017,05MAY,Ensamble Kits,PESOS,156186.22,8388.09
2017,05MAY,Estamp.,PESOS,51545.76,2768.3
2017,05MAY,Hang Tag,PESOS,38781.36,2082.78
2017,05MAY,Heat Transfer Unidad,PESOS,163455.6,8778.5
2017,05MAY,Ori.Cor,PESOS,67541.93,3627.39
2017,05MAY,Otros Serv.,PESOS,393823.94,21150.59
2017,05MAY,Repuestos FX,PESOS,56411.67,3029.63
2017,05MAY,Thermal,PESOS,38164.46,2049.65
2017,06JUN,Ensamble Kits,PESOS,148107.62,8173.71
2017,06JUN,Estamp.,PESOS,35961.43,1984.63
2017,06JUN,Hang Tag,PESOS,30044,1658.06
2017,06JUN,Heat Transfer Unidad,PESOS,163455.6,9020.73
2017,06JUN,Ori.Cor,PESOS,139267.98,7685.87
2017,06JUN,Repuestos FX,PESOS,55324.87,3053.25
2017,06JUN,Thermal,PESOS,12280.29,677.72
2017,07JUL,Ensamble Kits,PESOS,181664.7,10205.88
2017,07JUL,Estamp.,PESOS,77546.2,4356.53
2017,07JUL,Hang Tag,PESOS,38820.56,2180.93
2017,07JUL,Heat Transfer Unidad,PESOS,65382.24,3673.16
2017,07JUL,Materia prima,PESOS,1925.6,108.18
2017,07JUL,Ori.Cor,PESOS,173675.2,9757.03
2017,07JUL,Otros Serv.,PESOS,393823.94,22124.94
2017,07JUL,Repuestos FX,PESOS,23624,1327.19
2017,07JUL,Thermal,PESOS,11484,645.17
2017,08AGO,Ensamble Kits,PESOS,188500.6,10542.54
2017,08AGO,Estamp.,PESOS,74726.99,4179.36
2017,08AGO,Hang Tag,PESOS,51225.6,2864.97
2017,08AGO,Heat Transfer Unidad,PESOS,263052.23,14712.09
2017,08AGO,Ori.Cor,PESOS,325641,18212.58
2017,08AGO,Otros Serv.,PESOS,393823.94,22025.95
2017,08AGO,Repuestos FX,PESOS,34109.87,1907.71
2017,08AGO,Thermal,PESOS,11002.37,615.35
2017,09SEP,Ensamble Kits,PESOS,215429.26,11804.34
2017,09SEP,Estamp.,PESOS,110538.92,6056.93
2017,09SEP,Hang Tag,PESOS,77562.73,4250.01
2017,09SEP,Heat Transfer Unidad,PESOS,256976.9,14080.93
2017,09SEP,Ori.Cor,PESOS,125045.31,6851.8
2017,09SEP,Otros Serv.,PESOS,125.28,6.86
2017,09SEP,Repuestos FX,PESOS,36883.24,2021
2017,09SEP,Thermal,PESOS,25772.88,1412.21
2017,10OCT,Ensamble Kits,PESOS,229471.2,11989.09
2017,10OCT,Estamp.,PESOS,75377.09,3938.2
2017,10OCT,Hang Tag,PESOS,62814,3281.82
2017,10OCT,Heat Transfer Unidad,PESOS,163444,8539.39
2017,10OCT,Ori.Cor,PESOS,166518,8700
2017,10OCT,Otros Serv.,PESOS,125.28,6.55
2017,10OCT,Repuestos FX,PESOS,35197.89,1838.97
2017,10OCT,Thermal,PESOS,68095.9,3557.78
2017,11NOV,Ensamble Kits,PESOS,191226,10264.41
2017,11NOV,Estamp.,PESOS,54900.48,2946.89
2017,11NOV,Heat Transfer Unidad,PESOS,233489.56,12532.99
2017,11NOV,Ori.Cor,PESOS,103755.61,5569.28
2017,11NOV,Otros Serv.,PESOS,125.28,6.72
2017,11NOV,Repuestos FX,PESOS,35415.06,1900.97
2017,11NOV,Thermal,PESOS,26441.32,1419.29
2017,12DIC,Ensamble Kits,PESOS,377001.21,19185.81
2017,12DIC,Estamp.,PESOS,54900.48,2793.92
2017,12DIC,Hang Tag,PESOS,75376.8,3835.97
2017,12DIC,Heat Transfer Unidad,PESOS,233494.46,11882.67
2017,12DIC,Ori.Cor,PESOS,229660.28,11687.55
2017,12DIC,Otros Serv.,PESOS,1524.4,77.58
2017,12DIC,Repuestos FX,PESOS,30040.91,1528.8
2017,12DIC,Thermal,PESOS,14908.32,758.69
2019,01ENE,Ensamble Kits,PESOS,191226,10011.83
2019,01ENE,Estamp.,PESOS,86181.04,4512.1
2019,01ENE,Hang Tag,PESOS,13920,728.8
2019,01ENE,Heat Transfer Unidad,PESOS,201932.8,10572.4
2019,01ENE,Materia prima,PESOS,5916,309.74
2019,01ENE,Ori.Cor,PESOS,378234.24,19802.84
2019,01ENE,Otros Serv.,PESOS,588.12,30.79
2019,01ENE,Repuestos FX,PESOS,26216,1372.57
2019,01ENE,Thermal,PESOS,43345.4,2269.39
2019,02FEB,Ensamble Kits,PESOS,229471.2,11902.03
2019,02FEB,Estamp.,PESOS,111969,5807.52
2019,02FEB,Hang Tag,PESOS,29390.69,1524.41
2019,02FEB,Heat Transfer Unidad,PESOS,249108.84,12920.58
2019,02FEB,Ori.Cor,PESOS,291972,15143.78
2019,02FEB,Repuestos FX,PESOS,18655.1,967.59
2019,02FEB,Thermal,PESOS,46697.26,2422.06
2019,03MAR,Ensamble Kits,PESOS,385294.17,19840.07
2019,03MAR,Estamp.,PESOS,52354.51,2695.91
2019,03MAR,Hang Tag,PESOS,20686.63,1065.22
2019,03MAR,Heat Transfer Unidad,PESOS,193765.01,9977.6
2019,03MAR,Ori.Cor,PESOS,187852.14,9673.13
2019,03MAR,Otros Serv.,PESOS,1512.06,77.86
2019,03MAR,Repuestos FX,PESOS,39473.11,2032.6
2019,03MAR,Thermal,PESOS,21728.19,1118.86
2019,04MAR,Ensamble Kits,PESOS,312372.43,16492.74
2019,04MAR,Estamp.,PESOS,62588.77,3304.58
2019,04MAR,Hang Tag,PESOS,85376,4507.71
2019,04MAR,Heat Transfer Unidad,PESOS,128353.54,6776.85
2019,04MAR,Ori.Cor,PESOS,173576.83,9164.56
2019,04MAR,Repuestos FX,PESOS,62425.14,3295.94
2019,04MAR,Thermal,PESOS,41979.24,2216.43
2019,05MAY,Bases,PESOS,378.55,19.3
2019,05MAY,Ensamble Kits,PESOS,312372.43,15929.24
2019,05MAY,Estamp.,PESOS,88871.44,4531.94
2019,05MAY,Hang Tag,PESOS,33060,1685.87
2019,05MAY,Heat Transfer Unidad,PESOS,197225.52,10057.4
2019,05MAY,Ori.Cor,PESOS,238867.2,12180.89
2019,05MAY,Repuestos FX,PESOS,28356.55,1446.02
2019,05MAY,Thermal,PESOS,17842.16,909.85
2019,06JUN,Ensamble Kits,PESOS,309720,16114.46
2019,06JUN,Estamp.,PESOS,76092.2,3959.01
2019,06JUN,Hang Tag,PESOS,37166.4,1933.74
2019,06JUN,Heat Transfer Unidad,PESOS,35235,1833.25
2019,06JUN,Ori.Cor,PESOS,152992.98,7960.09
2019,06JUN,Repuestos,PESOS,4995.18,259.89
2019,06JUN,Repuestos FX,PESOS,28356.55,1475.37
2019,06JUN,Thermal,PESOS,62512.31,3252.46
2019,07JUL,Ensamble Kits,PESOS,156186.22,8164.47
2019,07JUL,Estamp.,PESOS,125767.2,6574.34
2019,07JUL,Hang Tag,PESOS,92220.12,4820.71
2019,07JUL,Heat Transfer Unidad,PESOS,119607.6,6252.36
2019,07JUL,Ori.Cor,PESOS,154179.2,8059.55
2019,07JUL,Repuestos,PESOS,6026.83,315.05
2019,07JUL,Repuestos FX,PESOS,26791.07,1400.47
2019,07JUL,Thermal,PESOS,30769.51,1608.44
2019,08AGO,Ensamble Kits,PESOS,290000,14456.63
2019,08AGO,Estamp.,PESOS,136709.64,6815.04
2019,08AGO,Hang Tag,PESOS,20686.63,1031.24
2019,08AGO,Heat Transfer Unidad,PESOS,43393.28,2163.17
2019,08AGO,Ori.Cor,PESOS,155729.54,7763.19
2019,08AGO,Otros Serv.,PESOS,1107.99,55.23
2019,08AGO,Repuestos FX,PESOS,29978.81,1494.46
2019,08AGO,Thermal,PESOS,37862.4,1887.46
2019,09SEP,Ensamble Kits,PESOS,377835.2,19150.29
2019,09SEP,Estamp.,PESOS,88821.2,4501.83
2019,09SEP,Hang Tag,PESOS,18288,926.91
2019,09SEP,Heat Transfer Unidad,PESOS,84042,4259.6
2019,09SEP,Ori.Cor,PESOS,320502.78,16244.44
2019,09SEP,Repuestos FX,PESOS,21625.17,1096.06
2019,09SEP,Thermal,PESOS,42542.86,2156.25
2019,10OCT,Ensamble Kits,PESOS,309720,16106.08
2019,10OCT,Estamp.,PESOS,147066.13,7647.74
2019,10OCT,Hang Tag,PESOS,30933.37,1608.6
2019,10OCT,Heat Transfer Rollo,PESOS,104748,5447.11
2019,10OCT,Heat Transfer Unidad,PESOS,62483.4,3249.27
2019,10OCT,Ori.Cor,PESOS,226200,11762.87
2019,10OCT,Otros Serv.,PESOS,28094.04,1460.95
2019,10OCT,Repuestos FX,PESOS,81554.48,4241
2019,10OCT,Thermal,PESOS,53539.29,2784.15
2019,11NOV,Ensamble Kits,PESOS,389586,19917.48
2019,11NOV,Estamp.,PESOS,76770.54,3924.87
2019,11NOV,Hang Tag,PESOS,31029.94,1586.4
2019,11NOV,Heat Transfer Rollo,PESOS,323756,16551.94
2019,11NOV,Heat Transfer Unidad,PESOS,167318.4,8554.11
2019,11NOV,Ori.Cor,PESOS,495320,25323.11
2019,11NOV,Otros Serv.,PESOS,7491.74,383.01
2019,11NOV,Repuestos FX,PESOS,28787.92,1471.78
2019,11NOV,Thermal,PESOS,31826.34,1627.11
2019,12DIC,Ensamble Kits,PESOS,124537.6,6578.85
2019,12DIC,Estamp.,PESOS,56225.66,2970.19
2019,12DIC,Hang Tag,PESOS,85376,4510.09
2019,12DIC,Heat Transfer Rollo,PESOS,158456,8370.63
2019,12DIC,Heat Transfer Unidad,PESOS,99145.2,5237.46
2019,12DIC,Ori.Cor,PESOS,156397,8261.86
2019,12DIC,Otros Serv.,PESOS,139370,7362.39
2019,12DIC,Repuestos FX,PESOS,6773.69,357.83
2019,12DIC,Thermal,PESOS,34771.46,1836.84
2020,01ENE,Ensamble Kits,PESOS,412960,21919.32
2020,01ENE,Estamp.,PESOS,161541.6,8574.39
2020,01ENE,Hang Tag,PESOS,30933.37,1641.9
2020,01ENE,Heat Transfer Rollo,PESOS,426880,22658.17
2020,01ENE,Heat Transfer Unidad,PESOS,188569.6,10009
2020,01ENE,Ori.Cor,PESOS,306240,16254.78
2020,01ENE,Repuestos FX,PESOS,28536,1514.65
2020,01ENE,Thermal,PESOS,22018.47,1168.71
2020,02FEB,Bases,PESOS,9952.8,507.54
2020,02FEB,Ensamble Kits,PESOS,249840.8,12740.48
2020,02FEB,Estamp.,PESOS,81068.92,4134.06
2020,02FEB,Hang Tag,PESOS,78801.82,4018.45
2020,02FEB,Heat Transfer Rollo,PESOS,132240,6743.5
2020,02FEB,Heat Transfer Unidad,PESOS,165764,8453.03
2020,02FEB,Ori.Cor,PESOS,440800,22478.33
2020,02FEB,Otros Serv.,PESOS,1160,59.15
2020,02FEB,Repuestos FX,PESOS,19488,993.78
2020,02FEB,Thermal,PESOS,73107.47,3728.07
2020,03MAR,Bases,PESOS,13688,577.31
2020,03MAR,Ensamble Kits,PESOS,371664,15675.41
2020,03MAR,Estamp.,PESOS,97199.3,4099.51
2020,03MAR,Hang Tag,PESOS,46554.54,1963.5
2020,03MAR,Heat Transfer Rollo,PESOS,220400,9295.66
2020,03MAR,Heat Transfer Unidad,PESOS,128760,5430.62
2020,03MAR,Mascarilas Tejidas,PESOS,6960,293.55
2020,03MAR,Ori.Cor,PESOS,329208,13884.77
2020,03MAR,Repuestos FX,PESOS,26894.6,1134.31
2020,03MAR,Thermal,PESOS,26735.1,1127.59
2020,04MAR,Estamp.,PESOS,25704.32,1063.92
2020,04MAR,Hang Tag,PESOS,54810,2268.63
2020,04MAR,Heat Transfer Unidad,PESOS,38280,1584.44
2020,04MAR,Mascarilas Tejidas,PESOS,987608.64,40877.84
2020,04MAR,Ori.Cor,PESOS,170570.46,7060.04
2020,04MAR,Otros Serv.,PESOS,671.07,27.78
2020,04MAR,Thermal,PESOS,12017.6,497.42
2020,05MAY,Ensamble Kits,PESOS,99328.57,4480.31
2020,05MAY,Estamp.,PESOS,74240,3348.67
2020,05MAY,Hang Tag,PESOS,49761.68,2244.55
2020,05MAY,Heat Transfer Rollo,PESOS,330600,14912.04
2020,05MAY,Heat Transfer Unidad,PESOS,44555.6,2009.72
2020,05MAY,Mascarilas Tejidas,PESOS,1206270.94,54410.06
2020,05MAY,Ori.Cor,PESOS,128180,5781.69
2020,05MAY,Otros Serv.,PESOS,26680,1203.43
2020,05MAY,Thermal,PESOS,964.75,43.52
2020,06JUN,Ensamble Kits,PESOS,87176.32,3793.57
2020,06JUN,Estamp.,PESOS,85492,3720.28
2020,06JUN,Hang Tag,PESOS,85376,3715.23
2020,06JUN,Heat Transfer Rollo,PESOS,74240,3230.64
2020,06JUN,Heat Transfer Unidad,PESOS,46036.34,2003.32
2020,06JUN,Mascarilas Tejidas,PESOS,533800.68,23228.92
2020,06JUN,Ori.Cor,PESOS,102121.76,4443.94
2020,06JUN,Otros Serv.,PESOS,325477.44,14163.51
2020,06JUN,Repuestos FX,PESOS,28356.55,1233.97
2020,06JUN,Thermal,PESOS,59498.53,2589.14
2020,07JUL,Bases,PESOS,26216,1177.19
2020,07JUL,Ensamble Kits,PESOS,98539.91,4424.78
2020,07JUL,Estamp.,PESOS,165561,7434.26
2020,07JUL,Heat Transfer Rollo,PESOS,167040,7500.67
2020,07JUL,Heat Transfer Unidad,PESOS,99388.8,4462.9
2020,07JUL,Mascarilas Tejidas,PESOS,1202126.08,53979.62
2020,07JUL,Ori.Cor,PESOS,140928.4,6328.17
2020,07JUL,Otros Serv.,PESOS,2552,114.59
2020,07JUL,Repuestos FX,PESOS,34629.21,1554.97
2020,07JUL,Thermal,PESOS,33194.19,1490.53
2020,08AGO,Bases,PESOS,20532,938.82
2020,08AGO,Ensamble Kits,PESOS,156186.22,7141.57
2020,08AGO,Estamp.,PESOS,155953.18,7130.92
2020,08AGO,Hang Tag,PESOS,580,26.52
2020,08AGO,Heat Transfer Rollo,PESOS,253460,11589.39
2020,08AGO,Heat Transfer Unidad,PESOS,32400.19,1481.49
2020,08AGO,Mascarilas Tejidas,PESOS,1535411.82,70206.3
2020,08AGO,Ori.Cor,PESOS,112139.58,5127.55
2020,08AGO,Repuestos FX,PESOS,23957.48,1095.45
2020,08AGO,Thermal,PESOS,27700.8,1266.61
2020,09SEP,Bases,PESOS,15776,714.17
2020,09SEP,Ensamble Kits,PESOS,371664,16824.99
2020,09SEP,Estamp.,PESOS,159653.12,7227.39
2020,09SEP,Hang Tag,PESOS,23318.32,1055.61
2020,09SEP,Heat Transfer Rollo,PESOS,102080,4621.1
2020,09SEP,Heat Transfer Unidad,PESOS,299079.9,13539.15
2020,09SEP,Mascarilas Tejidas,PESOS,5821666.5,263543.07
2020,09SEP,Ori.Cor,PESOS,166051.65,7517.05
2020,09SEP,Repuestos FX,PESOS,20086.56,909.31
2020,09SEP,Thermal,PESOS,51703.71,2340.59
2020,10OCT,Bases,PESOS,10402.88,491.4
2020,10OCT,Ensamble Kits,PESOS,207350.66,9794.55
2020,10OCT,Estamp.,PESOS,155991,7368.49
2020,10OCT,Hang Tag,PESOS,4308.82,203.53
2020,10OCT,Heat Transfer Rollo,PESOS,55100,2602.74
2020,10OCT,Heat Transfer Unidad,PESOS,316250,14938.59
2020,10OCT,Mascarilas Tejidas,PESOS,2611942.29,123379.42
2020,10OCT,Ori.Cor,PESOS,266840.6,12604.66
2020,10OCT,Repuestos FX,PESOS,779.52,36.82
2020,10OCT,Thermal,PESOS,98617.82,4658.38
2020,11NOV,Bases,PESOS,2354.8,116.81
2020,11NOV,Ensamble Kits,PESOS,206480,10242.06
2020,11NOV,Estamp.,PESOS,112427.2,5576.75
2020,11NOV,Hang Tag,PESOS,580,28.77
2020,11NOV,Heat Transfer Rollo,PESOS,23397.2,1160.58
2020,11NOV,Heat Transfer Unidad,PESOS,148248,7353.57
2020,11NOV,Mascarilas Tejidas,PESOS,5729394.78,284196.17
2020,11NOV,Ori.Cor,PESOS,333500,16542.66
2020,11NOV,Repuestos FX,PESOS,31320,1553.57
2020,11NOV,Thermal,PESOS,55809.63,2768.33
2020,12DIC,Ensamble Kits,PESOS,312372.43,15626.43
2020,12DIC,Estamp.,PESOS,31240.13,1562.79
2020,12DIC,Hang Tag,PESOS,55355.2,2769.14
2020,12DIC,Heat Transfer Unidad,PESOS,93960,4700.35
2020,12DIC,Mascarilas Tejidas,PESOS,178176,8913.26
2020,12DIC,Ori.Cor,PESOS,25810,1291.15
2020,12DIC,Repuestos FX,PESOS,191837.29,9596.66
2020,12DIC,Thermal,PESOS,21170,1059.03
1900,01ENE,Ensamble Kits,DLS,429011.15,23027.97
1900,01ENE,Estamp.,DLS,337877.7,16809.84
1900,01ENE,Hang Tag,DLS,89344.42,4546.79
1900,01ENE,Heat Transfer Rollo,DLS,185193.08,10019.81
1900,01ENE,Heat Transfer Unidad,DLS,231735.31,12438.83
1900,01ENE,Materia prima,DLS,154141.79,8273.85
1900,01ENE,Ori.Cor,DLS,176841.17,8999.55
1900,01ENE,Otros Serv.,DLS,10436118.92,554522.79
1900,01ENE,Repuestos,DLS,89293.46,4892.79
1900,01ENE,Repuestos FX,DLS,116306.66,5583.61
1900,01ENE,Sum. General,DLS,3634.58,174.49
1900,01ENE,Tear Away (Coated),DLS,26906.32,1405.76
1900,01ENE,Thermal,DLS,42403.6,2157.94
2016,01ENE,Ensamble Kits,DLS,428277.78,23648.69
2016,01ENE,Estamp.,DLS,121088.1,6686.26
2016,01ENE,Hang Tag,DLS,15556.47,859
2016,01ENE,Heat Transfer Unidad,DLS,96254.99,5315.02
2016,01ENE,Materia prima,DLS,51690.54,2854.25
2016,01ENE,Ori.Cor,DLS,63140.63,3486.51
2016,01ENE,Repuestos FX,DLS,49223.66,2718.04
2016,01ENE,Thermal,DLS,8552.43,472.25
2016,02FEB,Ensamble Kits,DLS,355035.86,19582.78
2016,02FEB,Estamp.,DLS,118390.36,6530.08
2016,02FEB,Heat Transfer Unidad,DLS,109023.6,6013.44
2016,02FEB,Materia prima,DLS,15377.05,848.15
2016,02FEB,Ori.Cor,DLS,38320.85,2113.67
2016,02FEB,Otros Serv.,DLS,1317.04,72.64
2016,02FEB,Repuestos FX,DLS,64402.04,3552.24
2016,02FEB,Thermal,DLS,18348.53,1012.05
2016,03MAR,Ensamble Kits,DLS,325043.63,18810.4
2016,03MAR,Estamp.,DLS,145427.32,8415.93
2016,03MAR,Hang Tag,DLS,21032.76,1217.17
2016,03MAR,Heat Transfer Rollo,DLS,35426.45,2050.14
2016,03MAR,Heat Transfer Unidad,DLS,323802.84,18738.59
2016,03MAR,Ori.Cor,DLS,81265.24,4702.85
2016,03MAR,Otros Serv.,DLS,235810.14,13646.42
2016,03MAR,Repuestos FX,DLS,81414.89,4711.51
2016,03MAR,Sum. General,DLS,5597.27,323.92
2016,03MAR,Thermal,DLS,10746.8,621.92
2016,04MAR,Ensamble Kits,DLS,340078.89,19806.57
2016,04MAR,Estamp.,DLS,160258.01,9333.61
2016,04MAR,Heat Transfer Rollo,DLS,14214.88,827.89
2016,04MAR,Heat Transfer Unidad,DLS,86961.7,5064.75
2016,04MAR,Ori.Cor,DLS,106605.2,6208.81
2016,04MAR,Repuestos,DLS,2296.71,133.76
2016,04MAR,Repuestos FX,DLS,4791.96,279.09
2016,04MAR,Thermal,DLS,9969.65,580.64
2016,05MAY,Ensamble Kits,DLS,452846.97,24531.26
2016,05MAY,Estamp.,DLS,104459.91,5658.72
2016,05MAY,Hang Tag,DLS,10137.85,549.18
2016,05MAY,Heat Transfer Rollo,DLS,36585.85,1981.9
2016,05MAY,Heat Transfer Unidad,DLS,51183.23,2772.66
2016,05MAY,Materia prima,DLS,19366.62,1049.11
2016,05MAY,Ori.Cor,DLS,38232.21,2071.08
2016,05MAY,Otros Serv.,DLS,7181.96,389.06
2016,05MAY,Repuestos,DLS,26383.25,1429.21
2016,05MAY,Repuestos FX,DLS,23456.2,1270.65
2016,05MAY,Sum. General,DLS,17461.43,945.91
2016,05MAY,Thermal,DLS,8531.36,462.15
2016,06JUN,Bases,DLS,1313.63,71.86
2016,06JUN,Ensamble Kits,DLS,450803.93,24661.05
2016,06JUN,Estamp.,DLS,107399.31,5875.24
2016,06JUN,Hang Tag,DLS,28647.17,1567.13
2016,06JUN,Heat Transfer Rollo,DLS,72743.02,3979.38
2016,06JUN,Heat Transfer Unidad,DLS,78404.11,4289.07
2016,06JUN,Materia prima,DLS,1313.63,71.86
2016,06JUN,Ori.Cor,DLS,40821,2233.1
2016,06JUN,Repuestos FX,DLS,69222.59,3786.79
2016,06JUN,Thermal,DLS,4693.97,256.78
2016,07JUL,Ensamble Kits,DLS,383593.61,20458.33
2016,07JUL,Estamp.,DLS,174637.24,9313.99
2016,07JUL,Heat Transfer Rollo,DLS,29310.81,1563.24
2016,07JUL,Heat Transfer Unidad,DLS,53987.35,2879.33
2016,07JUL,Ori.Cor,DLS,40611.34,2165.94
2016,07JUL,Otros Serv.,DLS,3548.27,189.24
2016,07JUL,Repuestos FX,DLS,49501.13,2640.06
2016,07JUL,Thermal,DLS,10419.3,555.7
2016,08AGO,Ensamble Kits,DLS,476105.42,25351.73
2016,08AGO,Estamp.,DLS,274363.26,14609.33
2016,08AGO,Hang Tag,DLS,17781.86,946.85
2016,08AGO,Heat Transfer Rollo,DLS,92705.94,4936.42
2016,08AGO,Heat Transfer Unidad,DLS,71445.76,3804.35
2016,08AGO,Materia prima,DLS,27335.2,1455.55
2016,08AGO,Ori.Cor,DLS,28450.8,1514.95
2016,08AGO,Otros Serv.,DLS,1885.04,100.37
2016,08AGO,Repuestos FX,DLS,40944.37,2180.21
2016,08AGO,Thermal,DLS,2911.07,155.01
2016,09SEP,Ensamble Kits,DLS,277844.98,14336.69
2016,09SEP,Estamp.,DLS,124610.37,6429.84
2016,09SEP,Hang Tag,DLS,71197.2,3673.75
2016,09SEP,Heat Transfer Rollo,DLS,69770.04,3600.11
2016,09SEP,Heat Transfer Unidad,DLS,80888.26,4173.8
2016,09SEP,Materia prima,DLS,793.58,40.95
2016,09SEP,Ori.Cor,DLS,19075.01,984.26
2016,09SEP,Otros Serv.,DLS,2773.65,143.12
2016,09SEP,Repuestos FX,DLS,41550.47,2143.99
2016,09SEP,Thermal,DLS,3634.65,187.55
2016,10OCT,Ensamble Kits,DLS,408835.91,21677.41
2016,10OCT,Estamp.,DLS,148190.34,7857.39
2016,10OCT,Hang Tag,DLS,48905.82,2593.1
2016,10OCT,Heat Transfer Rollo,DLS,51199.96,2714.74
2016,10OCT,Heat Transfer Unidad,DLS,94775.82,5025.23
2016,10OCT,Ori.Cor,DLS,17066.05,904.88
2016,10OCT,Otros Serv.,DLS,2665.59,141.34
2016,10OCT,Repuestos FX,DLS,21253.21,1126.89
2016,10OCT,Thermal,DLS,5656.56,299.92
2016,11NOV,Ensamble Kits,DLS,252783.45,12288.94
2016,11NOV,Estamp.,DLS,260392.72,12658.86
2016,11NOV,Hang Tag,DLS,115152.12,5598.06
2016,11NOV,Heat Transfer Rollo,DLS,21383.97,1039.57
2016,11NOV,Heat Transfer Unidad,DLS,95690.97,4651.97
2016,11NOV,Ori.Cor,DLS,50631.73,2461.44
2016,11NOV,Otros Serv.,DLS,8282.04,402.63
2016,11NOV,Repuestos,DLS,22895.04,1113.03
2016,11NOV,Repuestos FX,DLS,42724.87,2077.05
2016,11NOV,Sum. General,DLS,3252.2,158.1
2016,11NOV,Thermal,DLS,5924.2,288
2016,12DIC,Ensamble Kits,DLS,371307.5,17920.25
2016,12DIC,Estamp.,DLS,38764.33,1870.87
2016,12DIC,Hang Tag,DLS,1818.42,87.76
2016,12DIC,Heat Transfer Rollo,DLS,58068.87,2802.55
2016,12DIC,Heat Transfer Unidad,DLS,78279.82,3777.98
2016,12DIC,Ori.Cor,DLS,16312.75,787.29
2016,12DIC,Repuestos FX,DLS,42454.71,2048.97
2016,12DIC,Thermal,DLS,11356.52,548.09
2018,01ENE,Ensamble Kits,DLS,154540.62,8308.64
2018,01ENE,Estamp.,DLS,140222.71,7538.86
2018,01ENE,Heat Transfer Rollo,DLS,73455.02,3949.19
2018,01ENE,Heat Transfer Unidad,DLS,62486.62,3359.5
2018,01ENE,Ori.Cor,DLS,48062.68,2584.02
2018,01ENE,Repuestos,DLS,28504.28,1532.49
2018,02FEB,Ensamble Kits,DLS,191802.5,10180.6
2018,02FEB,Estamp.,DLS,221803.65,11773.02
2018,02FEB,Hang Tag,DLS,42704.4,2266.69
2018,02FEB,HangTagImp.,DLS,20869.68,1107.73
2018,02FEB,Heat Transfer Rollo,DLS,107596.22,5711.05
2018,02FEB,Heat Transfer Unidad,DLS,117121.96,6216.66
2018,02FEB,Ori.Cor,DLS,73956.66,3925.51
2018,02FEB,Repuestos,DLS,91490.23,4856.17
2018,02FEB,Repuestos FX,DLS,71799.53,3811.02
2018,02FEB,Sum. General,DLS,30551.24,1621.62
2018,02FEB,Thermal,DLS,8286.48,439.83
2018,03MAR,Ensamble Kits,DLS,303234.59,16697.94
2018,03MAR,Estamp.,DLS,249398.67,13733.41
2018,03MAR,Hang Tag,DLS,34324.26,1890.1
2018,03MAR,HangTagImp.,DLS,42538.53,2342.43
2018,03MAR,Heat Transfer Rollo,DLS,100546.2,5536.69
2018,03MAR,Heat Transfer Unidad,DLS,121741.43,6703.82
2018,03MAR,Ori.Cor,DLS,68547.76,3774.66
2018,03MAR,Repuestos FX,DLS,72311.88,3981.93
2018,03MAR,Thermal,DLS,8357.94,460.24
2018,04MAR,Ensamble Kits,DLS,339779.03,18160.29
2018,04MAR,Estamp.,DLS,233276.6,12468.02
2018,04MAR,Hang Tag,DLS,44425.2,2374.41
2018,04MAR,HangTagImp.,DLS,55460.86,2964.24
2018,04MAR,Heat Transfer Rollo,DLS,180849.96,9665.95
2018,04MAR,Heat Transfer Unidad,DLS,116712.7,6237.99
2018,04MAR,Materia prima,DLS,11702.62,625.47
2018,04MAR,Ori.Cor,DLS,93318.87,4987.65
2018,04MAR,Otros Serv.,DLS,974.13,52.06
2018,04MAR,Repuestos,DLS,28680.66,1532.91
2018,04MAR,Repuestos FX,DLS,25833.68,1380.74
2018,04MAR,Tear Away (Coated),DLS,1283257.72,68586.73
2018,05MAY,Ensamble Kits,DLS,249493.94,12531.09
2018,05MAY,Estamp.,DLS,287048.01,14417.28
2018,05MAY,HangTagImp.,DLS,25549.78,1283.26
2018,05MAY,Heat Transfer Rollo,DLS,97089.68,4876.43
2018,05MAY,Heat Transfer Unidad,DLS,168986.48,8487.52
2018,05MAY,Ori.Cor,DLS,54422.09,2733.4
2018,05MAY,Otros Serv.,DLS,25576.12,1284.59
2018,05MAY,Repuestos FX,DLS,57099.74,2867.89
2018,05MAY,Thermal,DLS,975.36,48.99
2018,06JUN,Bases,DLS,41938.62,2106.41
2018,06JUN,Ensamble Kits,DLS,254028.08,12758.82
2018,06JUN,Estamp.,DLS,228999.81,11501.75
2018,06JUN,HangTagImp.,DLS,121985.09,6126.83
2018,06JUN,Heat Transfer Rollo,DLS,240326.32,12070.63
2018,06JUN,Heat Transfer Unidad,DLS,165881.28,8331.56
2018,06JUN,Ori.Cor,DLS,90859.24,4563.5
2018,06JUN,Otros Serv.,DLS,2485.71,124.85
2018,06JUN,Repuestos FX,DLS,91711.22,4606.29
2018,07JUL,Ensamble Kits,DLS,255224.12,13692.28
2018,07JUL,Estamp.,DLS,241354.14,12948.18
2018,07JUL,Hang Tag,DLS,37666.27,2020.72
2018,07JUL,HangTagImp.,DLS,40029.69,2147.52
2018,07JUL,Heat Transfer Rollo,DLS,108523.74,5822.09
2018,07JUL,Heat Transfer Unidad,DLS,86031.63,4615.43
2018,07JUL,Ori.Cor,DLS,92616.88,4968.72
2018,07JUL,Otros Serv.,DLS,114.8,6.16
2018,07JUL,Repuestos FX,DLS,65672.73,3523.22
2018,07JUL,Thermal,DLS,34623.65,1857.49
2018,07JUL,Urdido,DLS,239089.16,12826.67
2018,08AGO,Ensamble Kits,DLS,499445.98,26176.41
2018,08AGO,Estamp.,DLS,445433.13,23345.55
2018,08AGO,Hang Tag,DLS,22226.84,1164.93
2018,08AGO,HangTagImp.,DLS,62263.83,3263.3
2018,08AGO,Heat Transfer Rollo,DLS,201368.3,10553.89
2018,08AGO,Heat Transfer Unidad,DLS,428674.65,22467.22
2018,08AGO,Ori.Cor,DLS,76144.65,3990.81
2018,08AGO,Otros Serv.,DLS,12202.26,639.53
2018,08AGO,Repuestos,DLS,33461.82,1753.76
2018,08AGO,Repuestos FX,DLS,86371.97,4526.83
2018,08AGO,Sum. General,DLS,6995.68,366.65
2018,08AGO,Tear Away (Coated),DLS,53397.4,2798.61
2018,08AGO,Thermal,DLS,1750.46,91.74
2018,09SEP,Ensamble Kits,DLS,331890.93,17738.69
2018,09SEP,Estamp.,DLS,416865.08,22280.34
2018,09SEP,Hang Tag,DLS,51303.08,2742.01
2018,09SEP,HangTagImp.,DLS,43782.03,2340.03
2018,09SEP,Heat Transfer Rollo,DLS,59065.15,3156.88
2018,09SEP,Heat Transfer Unidad,DLS,221967.36,11863.57
2018,09SEP,Ori.Cor,DLS,77991.71,4168.45
2018,09SEP,Repuestos FX,DLS,56006.76,2993.41
2018,09SEP,Thermal,DLS,3846.58,205.59
2018,10OCT,Ensamble Kits,DLS,412549.77,20292.66
2018,10OCT,Estamp.,DLS,647360.22,31842.61
2018,10OCT,Hang Tag,DLS,43589.72,2144.11
2018,10OCT,HangTagImp.,DLS,40429.92,1988.68
2018,10OCT,Heat Transfer Rollo,DLS,139249.85,6849.48
2018,10OCT,Heat Transfer Unidad,DLS,150998.54,7427.38
2018,10OCT,Ori.Cor,DLS,115114.75,5662.31
2018,10OCT,Repuestos FX,DLS,30612.74,1505.79
2018,10OCT,Thermal,DLS,45970.66,2261.22
2018,11NOV,Ensamble Kits,DLS,308645.82,15129.7
2018,11NOV,Estamp.,DLS,211418.48,10363.65
2018,11NOV,Hang Tag,DLS,133848.25,6561.19
2018,11NOV,HangTagImp.,DLS,35386.96,1734.65
2018,11NOV,Heat Transfer Rollo,DLS,79265.88,3885.58
2018,11NOV,Heat Transfer Unidad,DLS,140478.71,6886.21
2018,11NOV,Ori.Cor,DLS,109102.52,5348.16
2018,11NOV,Otros Serv.,DLS,160350.4,7860.31
2018,11NOV,Repuestos FX,DLS,92636.43,4541
2018,11NOV,Tear Away (Coated),DLS,6510.23,319.13
2018,11NOV,Thermal,DLS,44176.65,2165.52
2018,12DIC,Ensamble Kits,DLS,329082.55,16755.73
2018,12DIC,Estamp.,DLS,119294.88,6074.08
2018,12DIC,Hang Tag,DLS,11054.07,562.83
2018,12DIC,HangTagImp.,DLS,27093.61,1379.51
2018,12DIC,Heat Transfer Rollo,DLS,88845.32,4523.69
2018,12DIC,Heat Transfer Unidad,DLS,426483.37,21715.04
2018,12DIC,Ori.Cor,DLS,113630.01,5785.64
2018,12DIC,Thermal,DLS,3358.24,170.99
2019,01ENE,Ensamble Kits,DLS,371150.12,19431.94
2019,01ENE,Estamp.,DLS,385844.53,20201.28
2019,01ENE,Hang Tag,DLS,763.08,39.95
2019,01ENE,HangTagImp.,DLS,64755.05,3390.32
2019,01ENE,Heat Transfer Rollo,DLS,36472.18,1909.54
2019,01ENE,Heat Transfer Unidad,DLS,166487.36,8716.62
2019,01ENE,Ori.Cor,DLS,232615.54,12178.82
2019,01ENE,Otros Serv.,DLS,433587.55,22700.92
2019,01ENE,Repuestos FX,DLS,59436.57,3111.86
2019,01ENE,Thermal,DLS,14763.42,772.95
2019,02FEB,Ensamble Kits,DLS,291003.89,15093.56
2019,02FEB,Estamp.,DLS,498937.83,25878.52
2019,02FEB,Hang Tag,DLS,50615.62,2625.29
2019,02FEB,HangTagImp.,DLS,90671.31,4702.87
2019,02FEB,Heat Transfer Rollo,DLS,79594.28,4128.33
2019,02FEB,Heat Transfer Unidad,DLS,149314.11,7744.51
2019,02FEB,Ori.Cor,DLS,34521.22,1790.52
2019,02FEB,Otros Serv.,DLS,6968.48,361.44
2019,02FEB,Repuestos FX,DLS,25385.79,1316.69
2019,02FEB,Te?ido,DLS,2036.26,105.62
2019,02FEB,Thermal,DLS,29693.48,1540.12
2019,03MAR,Ensamble Kits,DLS,428798.11,22080.23
2019,03MAR,Estamp.,DLS,359704.1,18522.35
2019,03MAR,Hang Tag,DLS,49253.61,2536.23
2019,03MAR,HangTagImp.,DLS,49395.59,2543.54
2019,03MAR,Heat Transfer Rollo,DLS,140331.33,7226.12
2019,03MAR,Heat Transfer Unidad,DLS,71584.78,3686.14
2019,03MAR,Materia prima,DLS,136150.56,7010.84
2019,03MAR,Ori.Cor,DLS,123521.12,6360.51
2019,03MAR,Otros Serv.,DLS,155034.4,7983.23
2019,03MAR,Repuestos,DLS,13053.13,672.15
2019,03MAR,Repuestos FX,DLS,96459.73,4967.03
2019,03MAR,Tear Away (Coated),DLS,288264,14843.67
2019,03MAR,Thermal,DLS,1298.41,66.86
2019,04MAR,Ensamble Kits,DLS,436979.4,23071.77
2019,04MAR,Estamp.,DLS,364394.65,19239.42
2019,04MAR,Hang Tag,DLS,54525.2,2878.84
2019,04MAR,HangTagImp.,DLS,52090.07,2750.27
2019,04MAR,Heat Transfer Rollo,DLS,190438.8,10054.85
2019,04MAR,Heat Transfer Unidad,DLS,113128.42,5972.99
2019,04MAR,Materia prima,DLS,42975.49,2269.03
2019,04MAR,Ori.Cor,DLS,176181.42,9302.08
2019,04MAR,Thermal,DLS,14356.61,758
2019,05MAY,Ensamble Kits,DLS,429630.22,21908.73
2019,05MAY,Estamp.,DLS,307198.94,15665.42
2019,05MAY,Hang Tag,DLS,66138.85,3372.71
2019,05MAY,HangTagImp.,DLS,69005.07,3518.87
2019,05MAY,Heat Transfer Rollo,DLS,132565.44,6760.09
2019,05MAY,Heat Transfer Unidad,DLS,101372.28,5169.42
2019,05MAY,Ori.Cor,DLS,138095.67,7042.1
2019,05MAY,Repuestos FX,DLS,60213.36,3070.54
2019,05MAY,Tear Away (Coated),DLS,239283.75,12202.13
2019,05MAY,Thermal,DLS,25304.08,1290.37
2019,06JUN,Ensamble Kits,DLS,507277.76,26393.22
2019,06JUN,Estamp.,DLS,167457.85,8712.69
2019,06JUN,Hang Tag,DLS,55099.47,2866.78
2019,06JUN,HangTagImp.,DLS,64109.34,3335.55
2019,06JUN,Heat Transfer Rollo,DLS,265514.51,13814.49
2019,06JUN,Heat Transfer Unidad,DLS,146236.88,7608.58
2019,06JUN,Ori.Cor,DLS,167306.03,8704.79
2019,06JUN,Otros Serv.,DLS,91734.54,4772.87
2019,06JUN,Repuestos FX,DLS,30691.5,1596.85
2019,06JUN,Tear Away (Coated),DLS,138062.16,7183.25
2019,06JUN,Thermal,DLS,24967.58,1299.04
2019,06JUN,Urdido,DLS,100880.83,5248.74
2019,07JUL,Ensamble Kits,DLS,342656.45,17911.99
2019,07JUL,Estamp.,DLS,304145.45,15898.87
2019,07JUL,Hang Tag,DLS,59110.75,3089.95
2019,07JUL,HangTagImp.,DLS,44520.55,2327.26
2019,07JUL,Heat Transfer Rollo,DLS,49174.29,2570.53
2019,07JUL,Heat Transfer Unidad,DLS,552140.07,28862.52
2019,07JUL,Ori.Cor,DLS,166104.78,8682.95
2019,07JUL,Otros Serv.,DLS,13321.49,696.37
2019,07JUL,Repuestos FX,DLS,74228.44,3880.21
2019,07JUL,Tear Away (Coated),DLS,68380.92,3574.54
2019,07JUL,Thermal,DLS,631.34,33
2019,08AGO,Ensamble Kits,DLS,276471.8,13782.24
2019,08AGO,Estamp.,DLS,364522.4,18171.61
2019,08AGO,Hang Tag,DLS,58471.01,2914.81
2019,08AGO,HangTagImp.,DLS,65739.98,3277.17
2019,08AGO,Heat Transfer Rollo,DLS,137612.82,6860.06
2019,08AGO,Heat Transfer Unidad,DLS,205922.1,10265.31
2019,08AGO,Ori.Cor,DLS,111532.51,5559.95
2019,08AGO,Otros Serv.,DLS,531152.27,26478.18
2019,08AGO,Repuestos FX,DLS,71167.18,3547.72
2019,08AGO,Thermal,DLS,11840.64,590.26
2019,09SEP,Bases,DLS,83521.61,4233.23
2019,09SEP,Ensamble Kits,DLS,276109.53,13994.4
2019,09SEP,Estamp.,DLS,312818.04,15854.94
2019,09SEP,Hang Tag,DLS,70051.32,3550.5
2019,09SEP,HangTagImp.,DLS,79622.21,4035.59
2019,09SEP,Heat Transfer Rollo,DLS,74824.43,3792.42
2019,09SEP,Heat Transfer Unidad,DLS,161596.93,8190.42
2019,09SEP,Ori.Cor,DLS,190375.36,9649.03
2019,09SEP,Otros Serv.,DLS,12640.03,640.65
2019,09SEP,Repuestos,DLS,1133.05,57.43
2019,09SEP,Repuestos FX,DLS,61837.78,3134.2
2019,09SEP,Te?ido,DLS,1915.15,97.07
2019,09SEP,Thermal,DLS,53417.11,2707.41
2019,10OCT,Ensamble Kits,DLS,287392.82,14945.02
2019,10OCT,Estamp.,DLS,199891.61,10394.78
2019,10OCT,Hang Tag,DLS,54273.23,2822.32
2019,10OCT,HangTagImp.,DLS,102000.07,5304.22
2019,10OCT,Heat Transfer Rollo,DLS,142608.73,7415.95
2019,10OCT,Heat Transfer Unidad,DLS,185249.36,9633.35
2019,10OCT,Materia prima,DLS,15274.73,794.32
2019,10OCT,Ori.Cor,DLS,160521.69,8347.46
2019,10OCT,Otros Serv.,DLS,323780.85,16837.28
2019,10OCT,Repuestos FX,DLS,39800.65,2069.72
2019,10OCT,Te?ido,DLS,13054.22,678.85
2019,10OCT,Thermal,DLS,17697.03,920.28
2019,11NOV,Ensamble Kits,DLS,328592.16,16799.19
2019,11NOV,Estamp.,DLS,270537.57,13831.16
2019,11NOV,Hang Tag,DLS,50746.36,2594.39
2019,11NOV,HangTagImp.,DLS,60977.5,3117.46
2019,11NOV,Heat Transfer Rollo,DLS,202772.87,10366.71
2019,11NOV,Heat Transfer Unidad,DLS,248611.84,12710.22
2019,11NOV,Ori.Cor,DLS,87561.09,4476.54
2019,11NOV,Otros Serv.,DLS,12488.32,638.46
2019,11NOV,Repuestos FX,DLS,56943.94,2911.24
2019,11NOV,Sum. General,DLS,7480.72,382.45
2019,11NOV,Thermal,DLS,17184.77,878.57
2019,12DIC,Ensamble Kits,DLS,317974.39,16797.38
2019,12DIC,Estamp.,DLS,91620.16,4839.95
2019,12DIC,Hang Tag,DLS,104922.92,5542.68
2019,12DIC,Heat Transfer Rollo,DLS,111012.83,5864.39
2019,12DIC,Heat Transfer Unidad,DLS,221038.3,11676.61
2019,12DIC,Ori.Cor,DLS,66858.49,3531.88
2019,12DIC,Otros Serv.,DLS,17021.97,899.21
2019,12DIC,Repuestos FX,DLS,104162.57,5502.51
2019,12DIC,Thermal,DLS,776.5,41.02
2020,01ENE,Ensamble Kits,DLS,282601.61,15000.09
2020,01ENE,Estamp.,DLS,203239.6,10787.66
2020,01ENE,HangTagImp.,DLS,15449.11,820.02
2020,01ENE,Heat Transfer Rollo,DLS,86601.76,4596.7
2020,01ENE,Heat Transfer Unidad,DLS,48013.92,2548.51
2020,01ENE,Ori.Cor,DLS,82697.16,4389.45
2020,01ENE,Repuestos FX,DLS,27933.86,1482.69
2020,01ENE,Thermal,DLS,4301.25,228.3
2020,02FEB,Ensamble Kits,DLS,218708.44,11152.9
2020,02FEB,Estamp.,DLS,177353.19,9044.02
2020,02FEB,Heat Transfer Rollo,DLS,22128.87,1128.45
2020,02FEB,Heat Transfer Unidad,DLS,115884.5,5909.46
2020,02FEB,Ori.Cor,DLS,103278.98,5266.65
2020,02FEB,Otros Serv.,DLS,928.58,47.35
2020,02FEB,Repuestos FX,DLS,49460.59,2522.21
2020,02FEB,Thermal,DLS,21939.31,1118.78
2020,03MAR,Ensamble Kits,DLS,288585.12,12171.45
2020,03MAR,Estamp.,DLS,300898.81,12690.8
2020,03MAR,Hang Tag,DLS,31012.52,1307.99
2020,03MAR,Heat Transfer Rollo,DLS,24101.99,1016.53
2020,03MAR,Heat Transfer Unidad,DLS,204583.01,8628.55
2020,03MAR,Ori.Cor,DLS,105969.16,4469.39
2020,03MAR,Repuestos FX,DLS,24122.23,1017.39
2020,04MAR,Ensamble Kits,DLS,182210.2,7541.81
2020,04MAR,Estamp.,DLS,45169.93,1869.62
2020,04MAR,Hang Tag,DLS,2219.3,91.86
2020,04MAR,Heat Transfer Unidad,DLS,101967.78,4220.52
2020,04MAR,Mascarilas Tejidas,DLS,1211842.13,50159.03
2020,04MAR,Ori.Cor,DLS,109252.23,4522.03
2020,04MAR,Thermal,DLS,5253.93,217.46
2020,05MAY,Ensamble Kits,DLS,547316.25,24687.25
2020,05MAY,Estamp.,DLS,38515.49,1737.28
2020,05MAY,Hang Tag,DLS,10090.37,455.14
2020,05MAY,Heat Transfer Rollo,DLS,3500.25,157.88
2020,05MAY,Heat Transfer Unidad,DLS,190283.07,8582.91
2020,05MAY,Mascarilas Tejidas,DLS,1794622.5,80948.24
2020,05MAY,Ori.Cor,DLS,110851.43,5000.06
2020,05MAY,Repuestos FX,DLS,26453.57,1193.21
2020,05MAY,Thermal,DLS,9626.12,434.2
2020,06JUN,Ensamble Kits,DLS,502384.58,21861.82
2020,06JUN,Estamp.,DLS,283830.44,12351.19
2020,06JUN,Hang Tag,DLS,9422.65,410.04
2020,06JUN,Heat Transfer Rollo,DLS,87601.82,3812.09
2020,06JUN,Heat Transfer Unidad,DLS,269240.46,11716.3
2020,06JUN,Mascarilas Tejidas,DLS,248138.52,10798.02
2020,06JUN,Ori.Cor,DLS,78143.99,3400.52
2020,06JUN,Repuestos,DLS,9761.97,424.8
2020,06JUN,Repuestos FX,DLS,46869.45,2039.58
2020,06JUN,Thermal,DLS,3267.45,142.19
2020,07JUL,Ensamble Kits,DLS,334512.63,15020.77
2020,07JUL,Estamp.,DLS,149494.88,6712.84
2020,07JUL,Heat Transfer Rollo,DLS,38726.36,1738.95
2020,07JUL,Heat Transfer Unidad,DLS,57770.7,2594.1
2020,07JUL,Mascarilas Tejidas,DLS,125112.49,5617.98
2020,07JUL,Ori.Cor,DLS,129904.72,5833.17
2020,07JUL,Repuestos,DLS,63223.83,2838.97
2020,07JUL,Repuestos FX,DLS,34986.3,1571.01
2020,07JUL,Te?ido,DLS,6493.8,291.59
2020,08AGO,Ensamble Kits,DLS,497297.21,22738.78
2020,08AGO,Estamp.,DLS,355774.76,16267.71
2020,08AGO,Hang Tag,DLS,72613.07,3320.21
2020,08AGO,Heat Transfer Rollo,DLS,3876.86,177.27
2020,08AGO,Heat Transfer Unidad,DLS,148871.52,6807.11
2020,08AGO,Mascarilas Tejidas,DLS,130836.42,5982.46
2020,08AGO,Ori.Cor,DLS,128607.74,5880.56
2020,08AGO,Repuestos FX,DLS,51144.01,2338.55
2020,08AGO,Thermal,DLS,26481.85,1210.88
2020,09SEP,Ensamble Kits,DLS,650603.09,29452.38
2020,09SEP,Estamp.,DLS,161851.56,7326.92
2020,09SEP,Hang Tag,DLS,166943.43,7557.42
2020,09SEP,Heat Transfer Rollo,DLS,123612.17,5595.84
2020,09SEP,Heat Transfer Unidad,DLS,123612.17,5595.84
2020,09SEP,Mascarilas Tejidas,DLS,136303.05,6170.35
2020,09SEP,Ori.Cor,DLS,183191.92,8292.98
2020,09SEP,Repuestos FX,DLS,106997.13,4843.69
2020,09SEP,Thermal,DLS,1593.45,72.13
2020,10OCT,Ensamble Kits,DLS,627797.12,29655.04
2020,10OCT,Estamp.,DLS,321075.16,15166.52
2020,10OCT,Hang Tag,DLS,169831.27,8022.26
2020,10OCT,Heat Transfer Rollo,DLS,99558.14,4702.79
2020,10OCT,Heat Transfer Unidad,DLS,99558.14,4702.79
2020,10OCT,Mascarilas Tejidas,DLS,265074.8,12521.25
2020,10OCT,Materia prima,DLS,18107.28,855.33
2020,10OCT,Ori.Cor,DLS,114587.1,5412.71
2020,10OCT,Repuestos FX,DLS,32767.63,1547.83
2020,10OCT,Thermal,DLS,30929.34,1461
2020,11NOV,Ensamble Kits,DLS,301840.11,14972.23
2020,11NOV,Estamp.,DLS,312851.03,15518.4
2020,11NOV,Hang Tag,DLS,66639.06,3305.51
2020,11NOV,Heat Transfer Rollo,DLS,153166.21,7597.53
2020,11NOV,Heat Transfer Unidad,DLS,153166.21,7597.53
2020,11NOV,Mascarilas Tejidas,DLS,22085.47,1095.51
2020,11NOV,Materia prima,DLS,12462.74,618.19
2020,11NOV,Ori.Cor,DLS,74935.37,3717.03
2020,11NOV,Repuestos,DLS,1657.24,82.2
2020,11NOV,Repuestos FX,DLS,27278.33,1353.09
2020,11NOV,Sum. General,DLS,970.06,48.12
2020,11NOV,Thermal,DLS,12404.48,615.3
2020,12DIC,Ensamble Kits,DLS,158074.14,7907.66
2020,12DIC,Estamp.,DLS,10950.16,547.78
2020,12DIC,Hang Tag,DLS,63339.81,3168.57
2020,12DIC,Heat Transfer Unidad,DLS,72107.86,3607.2
2020,12DIC,Mascarilas Tejidas,DLS,34917.57,1746.75
2020,12DIC,Ori.Cor,DLS,90871.54,4545.85
2020,12DIC,Repuestos FX,DLS,68026.86,3403.04
2020,12DIC,Thermal,DLS,8473.67,423.9
